{"cameraMode":{"drawMode":0,"name":"Shaded","section":"Shading Mode"},"sceneLighting":true,"audioPlay":false,"sceneViewState":{"m_AlwaysRefresh":false,"showFog":true,"showSkybox":true,"showFlares":true,"showImageEffects":true,"showParticleSystems":true,"showVisualEffectGraphs":true,"m_FxEnabled":true},"in2DMode":false,"pivot":{"x":0.5530100464820862,"y":0.24516594409942628,"z":-2.752668857574463},"rotation":{"x":0.0005311089335009456,"y":0.9938345551490784,"z":-0.11108268052339554,"w":0.004767513833940029},"size":3.0205612182617189,"orthographic":false}