{"cameraMode":{"drawMode":0,"name":"Shaded","section":"Shading Mode"},"sceneLighting":true,"audioPlay":false,"sceneViewState":{"m_AlwaysRefresh":false,"showFog":true,"showSkybox":true,"showFlares":true,"showImageEffects":true,"showParticleSystems":true,"showVisualEffectGraphs":true,"m_FxEnabled":true},"in2DMode":false,"pivot":{"x":0.042856570333242419,"y":0.871510922908783,"z":-0.9784471988677979},"rotation":{"x":0.0005645659985020757,"y":0.9846047759056091,"z":-0.1749095916748047,"w":0.003249500412493944},"size":1.5734944343566895,"orthographic":false}