{"cameraMode":{"drawMode":0,"name":"Shaded","section":"Shading Mode"},"sceneLighting":false,"audioPlay":false,"sceneViewState":{"m_AlwaysRefresh":false,"showFog":true,"showSkybox":false,"showFlares":true,"showImageEffects":true,"showParticleSystems":true,"showVisualEffectGraphs":true,"m_FxEnabled":true},"in2DMode":false,"pivot":{"x":-0.23652485013008119,"y":0.6434718370437622,"z":-1.1085556745529175},"rotation":{"x":-0.004181984346359968,"y":-0.9885601997375488,"z":0.14820241928100587,"w":-0.02789241634309292},"size":1.3615225553512574,"orthographic":false}